scenario,model,crop,lag_config,mae,rmse,mape,n
lag_only,lightgbm,Кукурудза,L1,0.6919988398727179,0.6919988398727179,10.712269494784644,3
lag_only,elasticnet,Пшениця,L1,0.5392379021371628,0.5392379021371628,11.21744336724174,3
lag_only,lightgbm,Соняшник,L1,0.04133337195435294,0.04133337195435294,1.6143304385994763,3
