scenario,model,crop,lag_config,mae,rmse,mape,n
lag_only,xgboost,Кукурудза,L1,0.5866868527730306,0.5866868527730306,10.981389076509323,3
lag_only,elasticnet,Пшениця,L1,0.8954365647475667,0.8954365647475667,16.954680612286552,3
lag_only,lightgbm,Соняшник,L1,0.3997118494328034,0.3997118494328034,16.701699224243264,3
