feature,mean_abs_shap
K_kg_ha,0.1404651141843005
Org_kg_ha_or_share,0.034101350074283394
K_kg_ha_lag1,0.023929168325567574
N_kg_ha_lag2,0.022463840836185602
N_kg_ha,0.015631777395428665
Area_ha_lag1,0.0118165933725867
P2O5_kg_ha_lag1,0.0019844136239210255
N_kg_ha_lag1,6.446203591788564e-05
Irrig_mm_lag3,0.0
N_kg_ha_lag3,0.0
