feature,mean_abs_shap
Org_kg_ha_or_share_lag1,0.10389523340376057
K_kg_ha_lag1,0.0894624461841363
Yield_t_ha_lag1,0.07598565437639339
P2O5_kg_ha_lag1,0.04034838911538762
ma5_Yield,0.02969287877755122
Area_ha_lag1,0.01217301226617041
ma5_N,0.002326492207149845
ma5_Org,0.0016681698496990702
N_kg_ha_lag1,0.0014036938738579963
Mineral_treated_share_lag1,0.0006167282104295629
