feature,mean_abs_shap
Org_kg_ha_or_share,0.5228558139444018
K_kg_ha,0.5077870847748888
Mineral_treated_share_lag2,0.20925886512811678
Mineral_treated_share_lag1,0.19115379315055867
Area_ha,0.10154887002628925
P2O5_kg_ha,0.08531190844578672
Org_kg_ha_or_share_lag1,0.0549335788266427
Org_kg_ha_or_share_lag3,0.034166625225295955
Mineral_treated_share,0.012182813631681099
Yield_t_ha_lag2,0.011533259712780452
