feature,mean_abs_shap
P2O5_kg_ha,0.7301910994879671
Org_kg_ha_or_share,0.15705687753175154
N_kg_ha,0.035043461432631075
Yield_t_ha_lag1,0.025803541263649463
N_kg_ha_lag2,0.016938042441796506
Mineral_treated_share_lag2,0.01640873383828798
Area_ha,0.015897199687724083
K_kg_ha_lag1,0.01413639425868003
Mineral_treated_share,0.008426069528253807
Mineral_treated_share_lag1,0.0024337320570245367
