feature,mean_abs_shap
P2O5_kg_ha,0.596153493060006
Org_kg_ha_or_share,0.149600205818812
N_kg_ha,0.1200923469331529
Area_ha,0.06810198823610937
Area_ha_lag1,0.06608108878135681
K_kg_ha,0.054378651248084116
Area_ha_lag3,0.022355910142262837
Area_ha_lag2,0.021108240551418734
N_kg_ha_lag1,0.015477028157976002
Org_kg_ha_or_share_lag1,0.014591456121868443
