feature,mean_abs_shap
P2O5_kg_ha,0.7282990358653668
Org_kg_ha_or_share,0.15560161218803348
N_kg_ha,0.03497003927141962
Yield_t_ha_lag1,0.025685938152059686
Mineral_treated_share_lag2,0.017655953605690552
N_kg_ha_lag2,0.01707084247040081
Area_ha,0.015938992034495388
K_kg_ha_lag1,0.014655037686324708
Mineral_treated_share,0.00840272688760882
Mineral_treated_share_lag1,0.002523251347433083
