feature,mean_abs_shap
Area_ha,0.10460163400048557
Org_kg_ha_or_share,0.05668728875967399
Irrig_m3_ha,0.046595694974413744
Org_kg_ha_or_share_lag1,0.04274735012636405
Yield_t_ha_lag1,0.033258615475458254
Irrig_mm,0.018749108498823504
Org_kg_ha_or_share_lag3,0.01826836071431175
N_kg_ha,0.013610703724184173
P2O5_kg_ha,0.010448152857027345
Area_ha_lag1,0.004779290320196431
