feature,mean_abs_shap
P2O5_kg_ha,0.5961534308062659
Org_kg_ha_or_share,0.14960023628340832
N_kg_ha,0.12009231315718753
Area_ha,0.06810199750794313
Area_ha_lag1,0.06608106692632038
K_kg_ha,0.05437864926126267
Area_ha_lag3,0.022355879677666512
Area_ha_lag2,0.021108284923765416
N_kg_ha_lag1,0.01547705464892917
Org_kg_ha_or_share_lag1,0.014591516388787175
