feature,mean_abs_shap
N_kg_ha_lag1,0.16806348218523545
ma5_Yield,0.12475695115741782
ma5_Org,0.10314415927468829
K_kg_ha_lag1,0.07668070839012307
Area_ha_lag1,0.030025423921646328
P2O5_kg_ha_lag1,0.026492513601947987
Yield_t_ha_lag1,0.0
ma5_P2O5,0.0
ma5_Irrig_m3,0.0
ma5_MineralShare,0.0
