feature,mean_abs_shap
K_kg_ha,0.14046511418430022
Org_kg_ha_or_share,0.03410135007428317
K_kg_ha_lag1,0.02392916832556753
N_kg_ha_lag2,0.022463840836185602
N_kg_ha,0.015631777395428988
Area_ha_lag1,0.011816593372586523
P2O5_kg_ha_lag1,0.001984413623921159
N_kg_ha_lag1,6.446203591825572e-05
Irrig_mm_lag3,0.0
N_kg_ha_lag3,0.0
