feature,mean_abs_shap
Org_kg_ha_or_share_lag1,0.07553943707829429
K_kg_ha_lag1,0.06332451720086359
Yield_t_ha_lag1,0.04785561183142282
Area_ha_lag1,0.019925671673956386
P2O5_kg_ha_lag1,0.01940857607220847
N_kg_ha_lag1,0.01604179257438298
ma5_Org,0.006843115838747214
ma5_Yield,0.006360345889651603
Mineral_treated_share_lag1,0.001579403877258306
Irrig_m3_ha_lag1,0.0013343564101628055
