feature,mean_abs_shap
K_kg_ha,0.1404651141843001
Org_kg_ha_or_share,0.034101350074283186
K_kg_ha_lag1,0.023929168325567723
N_kg_ha_lag2,0.022463840836185158
N_kg_ha,0.01563177739542877
Area_ha_lag1,0.011816593372586509
P2O5_kg_ha_lag1,0.00198441362392107
N_kg_ha_lag1,6.44620359181521e-05
Irrig_mm_lag3,0.0
N_kg_ha_lag3,0.0
