feature,mean_abs_shap
Area_ha,0.10365416091197353
Org_kg_ha_or_share,0.05706756001358738
Irrig_m3_ha,0.04752832196687786
Org_kg_ha_or_share_lag1,0.04264879923133893
Yield_t_ha_lag1,0.03328528846893456
Irrig_mm,0.019393835317813756
Org_kg_ha_or_share_lag3,0.018353297281680406
N_kg_ha,0.01372756469008154
P2O5_kg_ha,0.01043157819396591
Area_ha_lag1,0.004779290320196343
