feature,mean_abs_shap
Area_ha_lag1,0.314901556287493
Mineral_treated_share_lag1,0.2098497348645377
Yield_t_ha_lag1,0.14888987985868302
N_kg_ha_lag1,0.11115390535384888
Irrig_m3_ha_lag1,0.04064246704654086
P2O5_kg_ha_lag1,0.032894190341707284
Irrig_mm_lag1,0.029526507570629985
ma5_Yield,0.01774965510481883
K_kg_ha_lag1,0.01647241058803738
ma5_P2O5,0.0131787101900767
