feature,mean_abs_shap
Area_ha,0.08721425665749445
Org_kg_ha_or_share,0.08671646912892655
Org_kg_ha_or_share_lag3,0.030812650256686752
P2O5_kg_ha,0.028977007998360522
Org_kg_ha_or_share_lag2,0.01963159706857468
N_kg_ha,0.013378326098124171
P2O5_kg_ha_lag3,0.012992612520853708
P2O5_kg_ha_lag2,0.010849186446931615
Yield_t_ha_lag1,0.010414153337478652
Area_ha_lag1,0.008066534996032715
