feature,mean_abs_shap
Mineral_treated_share_lag1,0.23427201030372402
Yield_t_ha_lag1,0.21042741201732454
Org_kg_ha_or_share_lag1,0.0732648630471352
ma5_K,0.03299694476364384
P2O5_kg_ha_lag1,0.013710769614091213
ma5_N,0.0
ma5_Irrig_m3,0.0
ma5_Org,0.0
ma5_MineralShare,0.0
ma5_P2O5,0.0
