feature,mean_abs_shap
Mineral_treated_share_lag1,0.3155743373764885
Irrig_m3_ha,0.23700577153099892
Yield_t_ha_lag1,0.2220954047309028
K_kg_ha,0.2218716939290365
Area_ha,0.08050776720046991
Org_kg_ha_or_share_lag1,0.08017137050628656
Irrig_mm,0.07743507358762956
Org_kg_ha_or_share,0.050248897075653075
Mineral_treated_share_lag2,0.0349501371383667
N_kg_ha,0.033405510584513375
