feature,mean_abs_shap
Area_ha_lag1,0.47299768171408174
Mineral_treated_share_lag1,0.28486480698720834
Yield_t_ha_lag1,0.05477856664238496
ma5_MineralShare,0.047052419150706924
ma5_Org,0.03750646029251622
P2O5_kg_ha_lag1,0.025645143873989473
N_kg_ha_lag1,0.023944176331685666
K_kg_ha_lag1,0.012052965262478047
Org_kg_ha_or_share_lag1,0.0021109574482541696
ma5_Irrig_m3,4.5587478825321035e-06
