feature,mean_abs_shap
Mineral_treated_share_lag1,0.4356240497695076
Yield_t_ha_lag1,0.3601647284295824
Area_ha_lag1,0.08861253658930464
ma5_MineralShare,0.050722307629055406
P2O5_kg_ha_lag1,0.04308791955312095
Org_kg_ha_or_share_lag1,0.03771883249282831
K_kg_ha_lag1,0.03308740589353774
N_kg_ha_lag1,0.017615126238928917
Irrig_m3_ha_lag1,0.0038843684726290635
ma5_K,0.0
