feature,mean_abs_shap
P2O5_kg_ha,0.5961534559726714
Org_kg_ha_or_share,0.1496001760164897
N_kg_ha,0.12009241051144072
Area_ha,0.06810196240743012
Area_ha_lag1,0.06608110268910723
K_kg_ha,0.05437862343258332
Area_ha_lag3,0.022355845239427283
Area_ha_lag2,0.021108221345477702
N_kg_ha_lag1,0.015477036105261752
Org_kg_ha_or_share_lag1,0.014591512415144161
