feature,mean_abs_shap
Mineral_treated_share_lag1,0.4356240497695076
Yield_t_ha_lag1,0.3601647284295824
Area_ha_lag1,0.08861253658930464
ma5_MineralShare,0.05072230762905538
P2O5_kg_ha_lag1,0.04308791955312095
Org_kg_ha_or_share_lag1,0.0377188324928284
K_kg_ha_lag1,0.033087405893537765
N_kg_ha_lag1,0.017615126238928972
Irrig_m3_ha_lag1,0.003884368472629074
ma5_K,0.0
