feature,mean_abs_shap
N_kg_ha_lag1,0.1680634821852354
ma5_Yield,0.12475695115741792
ma5_Org,0.1031441592746883
K_kg_ha_lag1,0.07668070839012313
Area_ha_lag1,0.030025423921646283
P2O5_kg_ha_lag1,0.026492513601948
Yield_t_ha_lag1,0.0
ma5_P2O5,0.0
ma5_Irrig_m3,0.0
ma5_MineralShare,0.0
