feature,mean_abs_shap
Area_ha,0.08761695623397825
Org_kg_ha_or_share,0.08657387031449208
Org_kg_ha_or_share_lag3,0.031027434269587196
P2O5_kg_ha,0.029063704941007823
Org_kg_ha_or_share_lag2,0.01958831151326496
N_kg_ha,0.013266801834106416
P2O5_kg_ha_lag3,0.012968023618062338
P2O5_kg_ha_lag2,0.010849187771479274
Yield_t_ha_lag1,0.010312523444493597
Area_ha_lag1,0.007925183905495533
