feature,mean_abs_shap
Mineral_treated_share_lag1,0.3155743294292026
Irrig_m3_ha,0.23700576490826072
Yield_t_ha_lag1,0.22209539545906912
K_kg_ha,0.22187168333265517
Area_ha,0.08050777514775577
Org_kg_ha_or_share_lag1,0.0801713943481445
Irrig_mm,0.07743507093853423
Org_kg_ha_or_share,0.05024890104929609
Mineral_treated_share_lag2,0.03495013978746198
N_kg_ha,0.03340550925996564
