feature,mean_abs_shap
Mineral_treated_share_lag1,0.8850862873373341
Yield_t_ha_lag1,0.16717133168264042
Org_kg_ha_or_share_lag1,0.14397240662193356
Area_ha_lag1,0.07844162893814129
P2O5_kg_ha_lag1,0.03238551380001909
K_kg_ha_lag1,0.022530183678138086
N_kg_ha_lag1,0.009374547109029914
Irrig_m3_ha_lag1,0.005757118151301199
ma5_MineralShare,0.00467740229508351
ma5_K,0.0
