feature,mean_abs_shap
Mineral_treated_share_lag1,0.43562404976950725
Yield_t_ha_lag1,0.3601647284295823
Area_ha_lag1,0.08861253658930462
ma5_MineralShare,0.05072230762905547
P2O5_kg_ha_lag1,0.043087919553120975
Org_kg_ha_or_share_lag1,0.03771883249282836
K_kg_ha_lag1,0.03308740589353775
N_kg_ha_lag1,0.017615126238928885
Irrig_m3_ha_lag1,0.0038843684726290947
ma5_K,0.0
