feature,mean_abs_shap
Area_ha_lag1,0.47111670595829663
Mineral_treated_share_lag1,0.28472846320062567
Yield_t_ha_lag1,0.052892725702740395
ma5_MineralShare,0.049838178464331605
ma5_Org,0.03552458054198637
P2O5_kg_ha_lag1,0.02606265365345148
N_kg_ha_lag1,0.024802155442093354
K_kg_ha_lag1,0.012240651194327613
Org_kg_ha_or_share_lag1,0.003907318018525032
ma5_Irrig_m3,5.0146189351111095e-06
