feature,mean_abs_shap
Mineral_treated_share_lag1,0.8821357491710012
Yield_t_ha_lag1,0.17133586108562482
Org_kg_ha_or_share_lag1,0.14417301492044834
Area_ha_lag1,0.08192892580581357
P2O5_kg_ha_lag1,0.033047776821379875
K_kg_ha_lag1,0.024144121950958008
N_kg_ha_lag1,0.009467648650586004
Irrig_m3_ha_lag1,0.005765053693736979
ma5_MineralShare,0.0046918076307822945
ma5_K,0.0
