feature,mean_abs_shap
Org_kg_ha_or_share_lag1,0.10771325088786826
K_kg_ha_lag1,0.08097618454051728
Yield_t_ha_lag1,0.07649924124568484
P2O5_kg_ha_lag1,0.03904538731836104
ma5_Yield,0.028473015430891202
Area_ha_lag1,0.012666152611151745
ma5_N,0.0024644784166178886
ma5_Org,0.0016778479902478064
N_kg_ha_lag1,0.0014844205477890886
Mineral_treated_share_lag1,0.0006285068943438949
