feature,mean_abs_shap
Area_ha_lag1,0.31409725404921035
Mineral_treated_share_lag1,0.21013306956442582
Yield_t_ha_lag1,0.14849236867730586
N_kg_ha_lag1,0.11100639899571745
Irrig_m3_ha_lag1,0.04090964628590473
P2O5_kg_ha_lag1,0.03278611624051663
Irrig_mm_lag1,0.029462442038551178
ma5_Yield,0.017639473790214133
K_kg_ha_lag1,0.01646822217911009
ma5_P2O5,0.013018965011551259
