feature,mean_abs_shap
K_kg_ha_lag1,1.170159373311357
P2O5_kg_ha_lag1,0.731377007435722
ma5_Yield,0.2972149067660328
ma5_Irrig_m3,0.26764309444498197
N_kg_ha_lag1,0.2607070608639338
Area_ha_lag1,0.18002557465311653
Mineral_treated_share_lag1,0.14037097594816436
ma5_Irrig_mm,0.11237534529556525
Yield_t_ha_lag1,0.01578756285471358
Org_kg_ha_or_share_lag1,0.001349296354653321
