feature,mean_abs_shap
Org_kg_ha_or_share_lag1,0.07553943021902959
K_kg_ha_lag1,0.06332451932960086
Yield_t_ha_lag1,0.04785560284342081
Area_ha_lag1,0.019925680661958354
P2O5_kg_ha_lag1,0.019408569685996555
N_kg_ha_lag1,0.016041803454595906
ma5_Org,0.006843108742956214
ma5_Yield,0.006360340213018764
Mineral_treated_share_lag1,0.0015794038772582956
Irrig_m3_ha_lag1,0.0013343502604772192
