scenario,model,crop,lag_config,mae,rmse,mape,n
lag_only,elasticnet,Кукурудза,L1,0.5510105677200992,0.5510105677200992,7.418184294159712,3
lag_only,elasticnet,Пшениця,L1,0.5514741959908761,0.5514741959908761,12.113912374653893,3
lag_only,xgboost,Соняшник,L1,0.26101198832194017,0.26101198832194017,11.362558543505884,3
