scenario,model,crop,lag_config,mae,rmse,mape,n
lag_only,xgboost,Кукурудза,L1,0.4852663930257159,0.4852663930257159,6.406792351843596,3
lag_only,lightgbm,Пшениця,L1,0.4206270459751173,0.4206270459751173,8.201738585696704,3
lag_only,elasticnet,Соняшник,L1,0.10777784891867581,0.10777784891867581,3.8804293950505957,3
